Date,Account,Amount,AccountNum
2023-01-01,4021 Charitable Distributions,4500.0,4021
2023-01-01,4010 Current Year Pledges,3470.0,4010
2023-01-01,4013 Vespers Offering,151.0,4013
2023-01-01,4010 Current Year Pledges,31150.0,4010
2023-01-04,5034 Medical Maintenance,-633.19,5034
2023-01-04,5005 Medical Administration,-727.09,5005
2023-01-04,5014 Medical Sr. Pastor,-930.23,5014
2023-01-04,5054 Medical  APA,-1860.46,5054
2023-01-04,5034 Medical Maintenance,-3401.72,5034
2023-01-04,8035 Payroll Processing,-605.8,8035
2023-01-12,4053 Misc Income,11.7,4053
2023-01-12,5013 Wages Sr. Pastor,-2395.83,5013
2023-01-12,5018 Housing Sr. Pastor,-1562.5,5018
2023-01-12,5016 Social Security Offset Sr. Pastor,-302.82,5016
2023-01-12,5053 Wages APA,-2073.43,5053
2023-01-12,5058 Housing Expense APA,-1352.56,5058
2023-01-12,5056 Social Security Offset APA,-209.81,5056
2023-01-12,6373 Wages Lunch Coordinator,-544.24,6373
2023-01-12,5003 Wages Administration,-2674.26,5003
2023-01-12,5043 Wages Music,-1958.0,5043
2023-01-12,9121 Wages Communication Specialist,-1666.0,9121
2023-01-12,5033 Wages Maintenance,-3760.99,5033
2023-01-12,5073 Wages Youth,-1958.33,5073
2023-01-12,9007 Audio Visual Contract Services,-300.0,9007
2023-01-12,8025 NYS Unemployment Insurance,-263.21,8025
2023-01-12,5013 Wages Sr. Pastor,-800.0,5013
2023-01-12,6374 FICA Lunch Coordinator,-41.63,6374
2023-01-12,5002 FICA Administration,-204.58,5002
2023-01-12,9122 FICA Communication Specialist,-127.45,9122
2023-01-12,5042 FICA Music,-149.79,5042
2023-01-12,5032 FICA Maintenance,-285.55,5032
2023-01-12,5072 FICA Youth,-149.82,5072
2023-01-16,7115 Taxes & Water,-85.0,7115
2023-01-16,7115 Taxes & Water,-85.0,7115
2023-01-16,7115 Taxes & Water,-85.0,7115
2023-01-16,7115 Taxes & Water,-85.0,7115
2023-01-16,7115 Taxes & Water,-275.0,7115
2023-01-16,7115 Taxes & Water,-275.0,7115
2023-01-16,7115 Taxes & Water,-275.0,7115
2023-01-16,7115 Taxes & Water,-275.0,7115
2023-01-18,5005 Medical Administration,-2274.92,5005
2023-01-18,7075 Regular Services,-84.0,7075
2023-01-18,4022 Wednesday Lunch Offering,695.32,4022
2023-01-18,9025 Office Supplies,-227.59,9025
2023-01-18,9025 Office Supplies,-96.56,9025
2023-01-18,9025 Office Supplies,-135.76,9025
2023-01-19,4015 Christmas Offering,353.0,4015
2023-01-19,4010 Current Year Pledges,6035.0,4010
2023-01-19,4054 Rental Income,1150.0,4054
2023-01-20,4010 Current Year Pledges,55.0,4010
2023-01-20,4010 Current Year Pledges,1740.0,4010
2023-01-20,4012 Non Pledge Contributions,172.0,4012
2023-01-20,4013 Vespers Offering,181.5,4013
2023-01-20,4015 Christmas Offering,51.38,4015
2023-01-20,4010 Current Year Pledges,5087.76,4010
2023-01-20,4023 Online Giving Fee,2.75,4023
2023-01-20,4013 Vespers Offering,20.55,4013
2023-01-23,9015 Copier-Cannon/Rent & Maintenance,-766.66,9015
2023-01-23,6410 Devotional Literature,-19.08,6410
2023-01-23,9060 Telephone & Internet,-120.79,9060
2023-01-23,8015 Insurance,-204.3,8015
2023-01-23,6610 Coffee Hour,-15.88,6610
2023-01-23,6605 Churchwide Social Events,-112.01,6605
2023-01-23,6520 Supplies/Materials (Support & Care),-180.0,6520
2023-01-23,7110 Supplies/Materials (Maint.),-290.79,7110
2023-01-23,8035 Payroll Processing,-123.91,8035
2023-01-25,9015 Copier-Cannon/Rent & Maintenance,-15.99,9015
2023-01-25,4015 Christmas Offering,20.0,4015
2023-01-25,4010 Current Year Pledges,124.0,4010
2023-01-25,4010 Current Year Pledges,85.0,4010
2023-01-25,4010 Current Year Pledges,8576.67,4010
2023-01-25,4012 Non Pledge Contributions,62.0,4012
2023-01-25,4017 Special Offering,200.0,4017
2023-01-25,4013 Vespers Offering,20.0,4013
2023-01-25,8035 Payroll Processing,-303.0,8035
2023-01-25,6077 Audio Sound Expenses,-4045.42,6077
2023-01-25,6120 Family Programming,-61.0,6120
2023-01-25,9010 Consistory Expense,-258.88,9010
2023-01-27,4010 Current Year Pledges,1825.0,4010
2023-01-27,4022 Wednesday Lunch Offering,232.0,4022
2023-01-27,4053 Misc Income,7.8,4053
2023-01-27,5013 Wages Sr. Pastor,-2395.83,5013
2023-01-27,5018 Housing Sr. Pastor,-1562.5,5018
2023-01-27,5016 Social Security Offset Sr. Pastor,-302.82,5016
2023-01-27,5053 Wages APA,-2073.43,5053
2023-01-27,5058 Housing Expense APA,-1352.56,5058
2023-01-27,5056 Social Security Offset APA,-209.81,5056
2023-01-27,6373 Wages Lunch Coordinator,-428.96,6373
2023-01-27,5003 Wages Administration,-2904.26,5003
2023-01-27,5043 Wages Music,-1682.78,5043
2023-01-27,9121 Wages Communication Specialist,-1666.0,9121
2023-01-27,5033 Wages Maintenance,-3760.99,5033
2023-01-27,5073 Wages Youth,-1958.33,5073
2023-01-27,6075 Vespers,-500.0,6075
2023-01-27,8025 NYS Unemployment Insurance,-250.83,8025
2023-01-27,5002 FICA Administration,-222.18,5002
2023-01-27,9122 FICA Communication Specialist,-127.45,9122
2023-01-27,5042 FICA Music,-128.74,5042
2023-01-27,5032 FICA Maintenance,-285.55,5032
2023-01-27,5072 FICA Youth,-149.82,5072
2023-01-27,9040 Postage,-500.0,9040
2023-01-27,5014 Medical Sr. Pastor,-21.22,5014
2023-01-27,5014 Medical Sr. Pastor,-930.23,5014
2023-01-27,5034 Medical Maintenance,-10.18,5034
2023-01-27,5034 Medical Maintenance,-633.19,5034
2023-01-27,5005 Medical Administration,-727.09,5005
2023-01-27,5005 Medical Administration,-84.88,5005
2023-01-27,5054 Medical  APA,-1860.46,5054
2023-01-27,5054 Medical  APA,-180.82,5054
2023-01-29,4021 Charitable Distributions,1000.0,4021
2023-01-29,4010 Current Year Pledges,4010.0,4010
2023-01-29,4012 Non Pledge Contributions,53.0,4012
2023-01-29,4013 Vespers Offering,183.0,4013
2023-01-30,4012 Non Pledge Contributions,120.0,4012
2023-01-30,4053 Misc Income,-120.0,4053
2023-01-31,4053 Misc Income,17.98,4053
2023-01-31,8022 Finance Charge Online Giving,-32.95,8022
2023-01-31,8022 Finance Charge Online Giving,-5.22,8022
2023-01-31,8022 Finance Charge Online Giving,-14.99,8022
2023-02-01,6605 Churchwide Social Events,-44.99,6605
2023-02-01,7080 Repairs/Maint 10N Church,-180.0,7080
2023-02-01,7075 Regular Services,-305.0,7075
2023-02-01,5057 Business & Auto Expense APA,-103.56,5057
2023-02-01,7010 Electricity 10N Church,-48.7,7010
2023-02-01,7015 Electricity 12N Church,-1164.71,7015
2023-02-01,7020 Electricity 8N Church,-1010.35,7020
2023-02-01,7040 Fuel 10N Church,-639.18,7040
2023-02-01,7045 Fuel 12N Church,-1092.45,7045
2023-02-01,7050 Fuel 8N Church,-2778.86,7050
2023-02-01,4054 Rental Income,1150.0,4054
2023-02-01,5017 Business & Auto Expense Sr. Pastor,-62.84,5017
2023-02-01,5017 Business & Auto Expense Sr. Pastor,-43.2,5017
2023-02-01,5017 Business & Auto Expense Sr. Pastor,-47.96,5017
2023-02-01,5017 Business & Auto Expense Sr. Pastor,-39.97,5017
2023-02-01,4015 Christmas Offering,2.0,4015
2023-02-01,4010 Current Year Pledges,40.0,4010
2023-02-01,4013 Vespers Offering,50.0,4013
2023-02-03,8035 Payroll Processing,-350.0,8035
2023-02-03,8035 Payroll Processing,-126.52,8035
2023-02-06,4010 Current Year Pledges,5046.7,4010
2023-02-06,4023 Online Giving Fee,42.75,4023
2023-02-06,4013 Vespers Offering,20.55,4013
2023-02-06,7115 Taxes & Water,-875.63,7115
2023-02-06,6405 Books (Library),-65.0,6405
2023-02-07,4021 Charitable Distributions,400.0,4021
2023-02-07,4010 Current Year Pledges,760.0,4010
2023-02-07,4012 Non Pledge Contributions,100.0,4012
2023-02-07,4013 Vespers Offering,50.0,4013
2023-02-07,4022 Wednesday Lunch Offering,204.0,4022
2023-02-07,4010 Current Year Pledges,2275.0,4010
2023-02-07,4013 Vespers Offering,34.01,4013
2023-02-07,4053 Misc Income,24589.32,4053
2023-02-07,6405 Books (Library),25.0,6405
2023-02-08,6155 Supplies/Materials Church School,-29.95,6155
2023-02-08,6150 Supplies/Food Church School,-31.62,6150
2023-02-08,6124 Junior and Senior Youth,-19.44,6124
2023-02-08,6135 Senior High Mission Trip,-400.0,6135
2023-02-08,9040 Postage,-4.28,9040
2023-02-08,6076 Flowers Expenses,-200.0,6076
2023-02-08,4021 Charitable Distributions,2020.0,4021
2023-02-08,4010 Current Year Pledges,420.0,4010
2023-02-08,4022 Wednesday Lunch Offering,263.5,4022
2023-02-10,4053 Misc Income,9.1,4053
2023-02-10,5013 Wages Sr. Pastor,-2395.83,5013
2023-02-10,5018 Housing Sr. Pastor,-1562.5,5018
2023-02-10,5016 Social Security Offset Sr. Pastor,-302.82,5016
2023-02-10,5053 Wages APA,-2073.43,5053
2023-02-10,5058 Housing Expense APA,-1352.56,5058
2023-02-10,5056 Social Security Offset APA,-209.81,5056
2023-02-10,6373 Wages Lunch Coordinator,-428.96,6373
2023-02-10,5003 Wages Administration,-2890.54,5003
2023-02-10,5043 Wages Music,-2033.06,5043
2023-02-10,9121 Wages Communication Specialist,-1666.0,9121
2023-02-10,5033 Wages Maintenance,-3760.99,5033
2023-02-10,5073 Wages Youth,-1958.33,5073
2023-02-10,6075 Vespers,-400.0,6075
2023-02-10,9007 Audio Visual Contract Services,-2100.0,9007
2023-02-10,8025 NYS Unemployment Insurance,-257.9,8025
2023-02-10,5002 FICA Administration,-221.13,5002
2023-02-10,9122 FICA Communication Specialist,-127.45,9122
2023-02-10,5042 FICA Music,-155.54,5042
2023-02-10,5032 FICA Maintenance,-285.55,5032
2023-02-10,5072 FICA Youth,-149.82,5072
2023-02-10,4053 Misc Income,17.2,4053
2023-02-13,6404 Minister books & other printed mate,-520.0,6404
2023-02-13,6605 Churchwide Social Events,-18.51,6605
2023-02-13,6605 Churchwide Social Events,-46.13,6605
2023-02-13,6610 Coffee Hour,-4.99,6610
2023-02-13,6605 Churchwide Social Events,-5.3,6605
2023-02-13,4010 Current Year Pledges,3611.0,4010
2023-02-13,4012 Non Pledge Contributions,50.0,4012
2023-02-13,4013 Vespers Offering,39.0,4013
2023-02-13,6366 Wednesday Lunch Exp,-616.0,6366
2023-02-13,8022 Finance Charge Online Giving,-4.95,8022
2023-02-13,6135 Senior High Mission Trip,-2544.0,6135
2023-02-13,8022 Finance Charge Online Giving,-14.85,8022
2023-02-13,9020 Equipment,-127.99,9020
2023-02-13,9020 Equipment,-1299.99,9020
2023-02-15,7080 Repairs/Maint 10N Church,-305.0,7080
2023-02-15,7085 Repairs/Maint 12N Church,-100.0,7085
2023-02-15,9040 Postage,-6.58,9040
2023-02-15,8015 Insurance,-204.3,8015
2023-02-15,8022 Finance Charge Online Giving,-65.4,8022
2023-02-15,6404 Minister books & other printed mate,-10.53,6404
2023-02-15,5057 Business & Auto Expense APA,-0.58,5057
2023-02-15,6404 Minister books & other printed mate,-17.0,6404
2023-02-15,5057 Business & Auto Expense APA,-7.8,5057
2023-02-15,9061 Contract Services,-14.99,9061
2023-02-15,6404 Minister books & other printed mate,-18.94,6404
2023-02-15,7110 Supplies/Materials (Maint.),-27.56,7110
2023-02-15,7110 Supplies/Materials (Maint.),-18.04,7110
2023-02-15,7110 Supplies/Materials (Maint.),-24.34,7110
2023-02-15,7100 Supplies/Cleaning,-90.0,7100
2023-02-15,7110 Supplies/Materials (Maint.),-14.98,7110
2023-02-15,7095 Security,-152.41,7095
2023-02-15,7095 Security,-17.58,7095
2023-02-15,7110 Supplies/Materials (Maint.),-66.2,7110
2023-02-15,9061 Contract Services,-107.99,9061
2023-02-15,9045 Printing,-94.56,9045
2023-02-15,9061 Contract Services,-16.19,9061
2023-02-15,9035 Paper,-48.49,9035
2023-02-15,9025 Office Supplies,-47.96,9025
2023-02-15,9112 Website,-21.6,9112
2023-02-15,9030 Other Admin Expense,-66.96,9030
2023-02-15,9113 Communication technology,-3.23,9113
2023-02-15,6035 Music and Rights,-226.0,6035
2023-02-15,9061 Contract Services,-29.98,9061
2023-02-15,9061 Contract Services,-189.9,9061
2023-02-15,5011 Continuing Ed Sr. Pastor,-200.0,5011
2023-02-15,9114 Volunteer needs,-35.59,9114
2023-02-15,9015 Copier-Cannon/Rent & Maintenance,-15.99,9015
2023-02-15,9025 Office Supplies,-12.99,9025
2023-02-15,9061 Contract Services,-20.17,9061
2023-02-15,9020 Equipment,259.99,9020
2023-02-16,6405 Books (Library),-20.82,6405
2023-02-16,9005 Internet/comp. repair,-7.98,9005
2023-02-17,6135 Senior High Mission Trip,-1600.0,6135
2023-02-17,5075 Retirement Youth Education,-156.66,5075
2023-02-17,5055 Retirement APA,-813.0,5055
2023-02-17,5035 Retirement Maintenance,-203.44,5035
2023-02-17,5004 Retirement Administration,-132.0,5004
2023-02-17,5004 Retirement Administration,-166.64,5004
2023-02-17,5035 Retirement Maintenance,-95.16,5035
2023-02-17,9015 Copier-Cannon/Rent & Maintenance,-643.0,9015
2023-02-17,9015 Copier-Cannon/Rent & Maintenance,-53.96,9015
2023-02-17,6605 Churchwide Social Events,-101.09,6605
2023-02-17,7075 Regular Services,-384.43,7075
2023-02-17,9060 Telephone & Internet,-216.9,9060
2023-02-17,5055 Retirement APA,-813.0,5055
2023-02-17,5035 Retirement Maintenance,-203.44,5035
2023-02-17,5004 Retirement Administration,-166.64,5004
2023-02-17,5004 Retirement Administration,-132.0,5004
2023-02-17,5035 Retirement Maintenance,-95.16,5035
2023-02-17,5075 Retirement Youth Education,-427.7,5075
2023-02-17,6366 Wednesday Lunch Exp,-17.97,6366
2023-02-17,6366 Wednesday Lunch Exp,-18.54,6366
2023-02-17,6366 Wednesday Lunch Exp,-37.78,6366
2023-02-17,6366 Wednesday Lunch Exp,-19.48,6366
2023-02-17,6366 Wednesday Lunch Exp,-7.96,6366
2023-02-17,6366 Wednesday Lunch Exp,-243.14,6366
2023-02-17,6366 Wednesday Lunch Exp,-136.97,6366
2023-02-17,6366 Wednesday Lunch Exp,-28.97,6366
2023-02-17,6366 Wednesday Lunch Exp,-200.09,6366
2023-02-17,6366 Wednesday Lunch Exp,-8.38,6366
2023-02-17,6366 Wednesday Lunch Exp,-177.33,6366
2023-02-19,4010 Current Year Pledges,2471.0,4010
2023-02-19,4012 Non Pledge Contributions,122.0,4012
2023-02-19,4013 Vespers Offering,137.0,4013
2023-02-22,7090 Repairs/Maint 8N Church,-920.3,7090
2023-02-22,8035 Payroll Processing,-131.74,8035
2023-02-22,9045 Printing,-266.0,9045
2023-02-22,4022 Wednesday Lunch Offering,444.5,4022
2023-02-22,4021 Charitable Distributions,2500.0,4021
2023-02-22,4010 Current Year Pledges,780.0,4010
2023-02-22,4022 Wednesday Lunch Offering,200.0,4022
2023-02-24,4053 Misc Income,7.8,4053
2023-02-24,5013 Wages Sr. Pastor,-2395.83,5013
2023-02-24,5018 Housing Sr. Pastor,-1562.5,5018
2023-02-24,5016 Social Security Offset Sr. Pastor,-302.82,5016
2023-02-24,5053 Wages APA,-2073.43,5053
2023-02-24,5058 Housing Expense APA,-1352.56,5058
2023-02-24,5056 Social Security Offset APA,-209.81,5056
2023-02-24,6373 Wages Lunch Coordinator,-428.96,6373
2023-02-24,5003 Wages Administration,-2627.38,5003
2023-02-24,5043 Wages Music,-1682.78,5043
2023-02-24,9121 Wages Communication Specialist,-1666.0,9121
2023-02-24,5033 Wages Maintenance,-3760.99,5033
2023-02-24,5073 Wages Youth,-1958.33,5073
2023-02-24,6075 Vespers,-100.0,6075
2023-02-24,9007 Audio Visual Contract Services,-200.0,9007
2023-02-24,8025 NYS Unemployment Insurance,-245.01,8025
2023-02-24,5002 FICA Administration,-200.99,5002
2023-02-24,9122 FICA Communication Specialist,-127.45,9122
2023-02-24,5042 FICA Music,-128.74,5042
2023-02-24,5032 FICA Maintenance,-285.55,5032
2023-02-24,5072 FICA Youth,-149.82,5072
2023-02-24,9040 Postage,-350.25,9040
2023-02-24,5034 Medical Maintenance,-633.19,5034
2023-02-24,5005 Medical Administration,-727.09,5005
2023-02-24,5005 Medical Administration,-42.44,5005
2023-02-24,5014 Medical Sr. Pastor,-930.23,5014
2023-02-24,5054 Medical  APA,-1860.46,5054
2023-02-24,5054 Medical  APA,-90.41,5054
2023-02-24,9060 Telephone & Internet,-119.0,9060
2023-02-24,9020 Equipment,-509.17,9020
2023-02-24,9005 Internet/comp. repair,-27.71,9005
2023-02-24,9005 Internet/comp. repair,-514.99,9005
2023-02-24,9015 Copier-Cannon/Rent & Maintenance,-279.98,9015
2023-02-24,9005 Internet/comp. repair,-13.97,9005
2023-02-28,4053 Misc Income,20.11,4053
2023-02-28,8022 Finance Charge Online Giving,-17.58,8022
2023-03-01,5017 Business & Auto Expense Sr. Pastor,-349.0,5017
2023-03-01,6075 Vespers,-72.9,6075
2023-03-01,5017 Business & Auto Expense Sr. Pastor,-91.7,5017
2023-03-01,5057 Business & Auto Expense APA,-52.4,5057
2023-03-01,4010 Current Year Pledges,9826.67,4010
2023-03-01,4012 Non Pledge Contributions,32.0,4012
2023-03-01,4013 Vespers Offering,121.0,4013
2023-03-01,4022 Wednesday Lunch Offering,312.0,4022
2023-03-03,4052 Facility Use Income,200.0,4052
2023-03-03,4054 Rental Income,1150.0,4054
2023-03-03,6160 Supplies/Materials Kinderwyk,-43.19,6160
2023-03-03,6135 Senior High Mission Trip,43.19,6135
2023-03-03,6020 Instrument Maintenance,-570.56,6020
2023-03-03,6120 Family Programming,-17.45,6120
2023-03-03,6135 Senior High Mission Trip,-30.0,6135
2023-03-07,5015 Retirement Sr. Pastor,-4433.36,5015
2023-03-07,5019 Disability Life,-475.04,5019
2023-03-07,6303 Undesignated and Emergency,-157.52,6303
2023-03-07,6303 Undesignated and Emergency,-25.88,6303
2023-03-07,6460 Supplies (Library),-168.74,6460
2023-03-07,6076 Flowers Expenses,-80.0,6076
2023-03-07,6605 Churchwide Social Events,-48.21,6605
2023-03-08,4010 Current Year Pledges,4490.0,4010
2023-03-08,4012 Non Pledge Contributions,104.0,4012
2023-03-08,4013 Vespers Offering,113.0,4013
2023-03-08,4055 Flower Income,25.0,4055
2023-03-08,4053 Misc Income,200.0,4053
2023-03-08,6078 Audio Sound project/Video Streaming,-445.43,6078
2023-03-08,7075 Regular Services,-650.0,7075
2023-03-08,7085 Repairs/Maint 12N Church,-610.0,7085
2023-03-10,8010 Classis Assessments,-9099.84,8010
2023-03-10,4053 Misc Income,7.8,4053
2023-03-10,5013 Wages Sr. Pastor,-2395.83,5013
2023-03-10,5018 Housing Sr. Pastor,-1562.5,5018
2023-03-10,5016 Social Security Offset Sr. Pastor,-302.82,5016
2023-03-10,5053 Wages APA,-2073.43,5053
2023-03-10,5058 Housing Expense APA,-1352.56,5058
2023-03-10,5056 Social Security Offset APA,-209.81,5056
2023-03-10,6373 Wages Lunch Coordinator,-428.96,6373
2023-03-10,5003 Wages Administration,-2730.47,5003
2023-03-10,5043 Wages Music,-1682.78,5043
2023-03-10,9121 Wages Communication Specialist,-1666.0,9121
2023-03-10,5033 Wages Maintenance,-3760.99,5033
2023-03-10,5073 Wages Youth,-1958.33,5073
2023-03-10,6075 Vespers,-600.0,6075
2023-03-10,9007 Audio Visual Contract Services,-1700.0,9007
2023-03-10,8025 NYS Unemployment Insurance,-420.12,8025
2023-03-10,6050 Musicians,-200.0,6050
2023-03-10,5002 FICA Administration,-208.89,5002
2023-03-10,9122 FICA Communication Specialist,-127.45,9122
2023-03-10,5042 FICA Music,-128.74,5042
2023-03-10,5032 FICA Maintenance,-285.55,5032
2023-03-10,5072 FICA Youth,-149.82,5072
2023-03-10,7010 Electricity 10N Church,-52.53,7010
2023-03-10,7015 Electricity 12N Church,-1165.74,7015
2023-03-10,7020 Electricity 8N Church,-907.58,7020
2023-03-10,7025 Electricity Parking Lot,-156.78,7025
2023-03-10,7040 Fuel 10N Church,-644.25,7040
2023-03-10,7045 Fuel 12N Church,-1061.68,7045
2023-03-10,7050 Fuel 8N Church,-2762.74,7050
2023-03-10,6405 Books (Library),-26.24,6405
2023-03-10,9025 Office Supplies,-72.7,9025
2023-03-13,8035 Payroll Processing,-118.7,8035
2023-03-13,6610 Coffee Hour,-18.16,6610
2023-03-13,6410 Devotional Literature,-19.08,6410
2023-03-13,9060 Telephone & Internet,-216.9,9060
2023-03-13,8015 Insurance,-4780.55,8015
2023-03-16,4010 Current Year Pledges,2075.0,4010
2023-03-16,4012 Non Pledge Contributions,79.0,4012
2023-03-16,4013 Vespers Offering,35.0,4013
2023-03-16,4022 Wednesday Lunch Offering,436.7,4022
2023-03-16,4055 Flower Income,80.0,4055
2023-03-16,4044 Birch Income,4230.5,4044
2023-03-16,5055 Retirement APA,-813.0,5055
2023-03-16,5035 Retirement Maintenance,-203.44,5035
2023-03-16,5004 Retirement Administration,-166.64,5004
2023-03-16,5004 Retirement Administration,-132.0,5004
2023-03-16,5035 Retirement Maintenance,-95.16,5035
2023-03-16,5075 Retirement Youth Education,-156.66,5075
2023-03-16,6366 Wednesday Lunch Exp,-146.0,6366
2023-03-16,8025 NYS Unemployment Insurance,-774.78,8025
2023-03-16,6076 Flowers Expenses,80.0,6076
2023-03-17,9015 Copier-Cannon/Rent & Maintenance,-643.0,9015
2023-03-17,9015 Copier-Cannon/Rent & Maintenance,-53.96,9015
2023-03-17,7075 Regular Services,-415.0,7075
2023-03-17,6083 Vesting for Sanctuary,-208.05,6083
2023-03-17,6605 Churchwide Social Events,-18.7,6605
2023-03-17,9040 Postage,-4.44,9040
2023-03-17,9040 Postage,-2.22,9040
2023-03-17,4010 Current Year Pledges,3153.28,4010
2023-03-17,4021 Charitable Distributions,51.38,4021
2023-03-17,4013 Vespers Offering,225.69,4013
2023-03-17,9020 Equipment,-48.99,9020
2023-03-17,5057 Business & Auto Expense APA,-39.68,5057
2023-03-17,5057 Business & Auto Expense APA,-8.96,5057
2023-03-17,6322 Minister Discretionary (Carlson),-100.0,6322
2023-03-17,5057 Business & Auto Expense APA,-21.74,5057
2023-03-17,6404 Minister books & other printed mate,-10.53,6404
2023-03-17,6404 Minister books & other printed mate,-35.51,6404
2023-03-17,5057 Business & Auto Expense APA,-20.0,5057
2023-03-17,6404 Minister books & other printed mate,-17.0,6404
2023-03-17,5051 Continuing Ed Assoc. Pastor,-345.0,5051
2023-03-17,9061 Contract Services,-14.99,9061
2023-03-17,5057 Business & Auto Expense APA,-12.0,5057
2023-03-17,6366 Wednesday Lunch Exp,-50.89,6366
2023-03-17,6366 Wednesday Lunch Exp,-59.99,6366
2023-03-17,6366 Wednesday Lunch Exp,-113.71,6366
2023-03-17,6366 Wednesday Lunch Exp,-153.52,6366
2023-03-21,5034 Medical Maintenance,-633.19,5034
2023-03-21,5005 Medical Administration,-727.09,5005
2023-03-21,5005 Medical Administration,-42.44,5005
2023-03-21,5014 Medical Sr. Pastor,-930.23,5014
2023-03-21,5054 Medical  APA,-1860.46,5054
2023-03-21,5054 Medical  APA,-90.41,5054
2023-03-21,6373 Wages Lunch Coordinator,-150.0,6373
2023-03-21,6605 Churchwide Social Events,-63.27,6605
2023-03-21,8125 Supplies Archives,-47.12,8125
2023-03-21,9025 Office Supplies,-42.94,9025
2023-03-21,9025 Office Supplies,-25.98,9025
2023-03-21,9030 Other Admin Expense,-134.73,9030
2023-03-21,9061 Contract Services,-16.19,9061
2023-03-21,9061 Contract Services,-21.6,9061
2023-03-21,9061 Contract Services,-3.23,9061
2023-03-21,9061 Contract Services,-299.0,9061
2023-03-21,9061 Contract Services,-29.98,9061
2023-03-21,9030 Other Admin Expense,-132.57,9030
2023-03-21,9061 Contract Services,-40.0,9061
2023-03-21,9115 Paper,-141.08,9115
2023-03-21,9114 Volunteer needs,-35.59,9114
2023-03-21,9015 Copier-Cannon/Rent & Maintenance,-15.99,9015
2023-03-21,4010 Current Year Pledges,3060.0,4010
2023-03-21,4012 Non Pledge Contributions,49.0,4012
2023-03-21,4013 Vespers Offering,5139.0,4013
2023-03-21,4055 Flower Income,255.0,4055
2023-03-21,6135 Senior High Mission Trip,1244.0,6135
2023-03-21,4052 Facility Use Income,355.0,4052
2023-03-21,8022 Finance Charge Online Giving,-66.37,8022
2023-03-21,6806 Composting,-365.0,6806
2023-03-21,6076 Flowers Expenses,255.0,6076
2023-03-23,6366 Wednesday Lunch Exp,-146.67,6366
2023-03-23,4010 Current Year Pledges,360.0,4010
2023-03-23,4022 Wednesday Lunch Offering,191.0,4022
2023-03-23,7090 Repairs/Maint 8N Church,-78.36,7090
2023-03-23,7035 Equipment (Maint.),-500.59,7035
2023-03-23,6368 Kitchen Supplies,-45.76,6368
2023-03-23,6368 Kitchen Supplies,-22.88,6368
2023-03-23,7095 Security,-107.25,7095
2023-03-23,7120 Operation/Maintenance,-15.12,7120
2023-03-23,7110 Supplies/Materials (Maint.),-15.98,7110
2023-03-23,7110 Supplies/Materials (Maint.),-4.9,7110
2023-03-23,7110 Supplies/Materials (Maint.),-5.88,7110
2023-03-23,7110 Supplies/Materials (Maint.),-12.69,7110
2023-03-23,7095 Security,-117.0,7095
2023-03-23,7095 Security,-64.72,7095
2023-03-23,7100 Supplies/Cleaning,-16.2,7100
2023-03-23,7100 Supplies/Cleaning,-58.0,7100
2023-03-23,7100 Supplies/Cleaning,-20.88,7100
2023-03-23,7110 Supplies/Materials (Maint.),-49.88,7110
2023-03-23,7110 Supplies/Materials (Maint.),-26.49,7110
2023-03-23,9060 Telephone & Internet,-119.0,9060
2023-03-23,5013 Wages Sr. Pastor,-414.64,5013
2023-03-23,5018 Housing Sr. Pastor,-270.5,5018
2023-03-23,5016 Social Security Offset Sr. Pastor,-20.92,5016
2023-03-23,5003 Wages Administration,-552.25,5003
2023-03-23,5043 Wages Music,-350.49,5043
2023-03-23,9121 Wages Communication Specialist,-333.33,9121
2023-03-23,5033 Wages Maintenance,-746.5,5033
2023-03-23,8025 NYS Unemployment Insurance,-54.54,8025
2023-03-23,5002 FICA Administration,-42.25,5002
2023-03-23,9122 FICA Communication Specialist,-25.5,9122
2023-03-23,5042 FICA Music,-26.81,5042
2023-03-23,5032 FICA Maintenance,-57.1,5032
2023-03-23,6326 UP Mission,-6500.0,6326
2023-03-24,8015 Insurance,-304.89,8015
2023-03-24,6807 Supplies,-55.0,6807
2023-03-24,8035 Payroll Processing,-139.56,8035
2023-03-24,7075 Regular Services,-380.0,7075
2023-03-28,8030 Offering Envelopes,-255.18,8030
2023-03-28,9040 Postage,-18.96,9040
2023-03-28,8111 Four Chaplains,-136.09,8111
2023-03-28,7075 Regular Services,-650.0,7075
2023-03-28,7075 Regular Services,-84.0,7075
2023-03-28,4021 Charitable Distributions,7000.0,4021
2023-03-28,4010 Current Year Pledges,4981.67,4010
2023-03-28,8111 Four Chaplains,-618.16,8111
2023-03-29,4053 Misc Income,7.8,4053
2023-03-29,5013 Wages Sr. Pastor,-2395.83,5013
2023-03-29,5018 Housing Sr. Pastor,-1562.5,5018
2023-03-29,5016 Social Security Offset Sr. Pastor,-302.82,5016
2023-03-29,5053 Wages APA,-2156.36,5053
2023-03-29,5058 Housing Expense APA,-1406.66,5058
2023-03-29,5056 Social Security Offset APA,-218.18,5056
2023-03-29,5003 Wages Administration,-3114.43,5003
2023-03-29,5043 Wages Music,-1750.08,5043
2023-03-29,9121 Wages Communication Specialist,-1733.33,9121
2023-03-29,5033 Wages Maintenance,-3323.9,5033
2023-03-29,5073 Wages Youth,-1958.33,5073
2023-03-29,6075 Vespers,-100.0,6075
2023-03-29,9007 Audio Visual Contract Services,-500.0,9007
2023-03-29,8025 NYS Unemployment Insurance,-314.49,8025
2023-03-29,9005 Internet/comp. repair,-240.0,9005
2023-03-29,5002 FICA Administration,-238.25,5002
2023-03-29,9122 FICA Communication Specialist,-132.6,9122
2023-03-29,5042 FICA Music,-133.88,5042
2023-03-29,5032 FICA Maintenance,-252.11,5032
2023-03-29,5072 FICA Youth,-149.82,5072
2023-03-30,6366 Wednesday Lunch Exp,-172.07,6366
2023-03-30,4010 Current Year Pledges,3270.0,4010
2023-03-30,4031 Special Offerings,100.0,4031
2023-03-30,4012 Non Pledge Contributions,21.0,4012
2023-03-30,4013 Vespers Offering,145.0,4013
2023-03-30,4022 Wednesday Lunch Offering,198.0,4022
2023-03-30,4055 Flower Income,20.0,4055
2023-03-30,6076 Flowers Expenses,20.0,6076
2023-03-31,6135 Senior High Mission Trip,129.29,6135
2023-03-31,6120 Family Programming,-73.4,6120
2023-03-31,6124 Junior and Senior Youth,-55.89,6124
2023-03-31,5051 Continuing Ed Assoc. Pastor,-300.0,5051
2023-03-31,6124 Junior and Senior Youth,-29.81,6124
2023-03-31,6150 Supplies/Food Church School,-7.24,6150
2023-03-31,8035 Payroll Processing,-118.7,8035
2023-03-31,9020 Equipment,-7.98,9020
2023-03-31,9025 Office Supplies,-38.41,9025
2023-03-31,9114 Volunteer needs,-17.82,9114
2023-03-31,6405 Books (Library),-24.99,6405
2023-03-31,9020 Equipment,-764.92,9020
2023-03-31,9020 Equipment,-17.04,9020
2023-03-31,9025 Office Supplies,-28.83,9025
2023-03-31,6319 Minister Discretionary Sr. Minister,-192.71,6319
2023-03-31,4053 Misc Income,19.98,4053
2023-03-31,8035 Payroll Processing,-108.27,8035
2023-03-31,8022 Finance Charge Online Giving,-48.49,8022
2023-03-31,8022 Finance Charge Online Giving,-25.32,8022
2023-04-04,5055 Retirement APA,-845.52,5055
2023-04-04,5035 Retirement Maintenance,-211.58,5035
2023-04-04,5004 Retirement Administration,-173.33,5004
2023-04-04,5004 Retirement Administration,-138.67,5004
2023-04-04,5035 Retirement Maintenance,-73.6,5035
2023-04-04,5075 Retirement Youth Education,-156.66,5075
2023-04-07,7010 Electricity 10N Church,-40.21,7010
2023-04-07,7015 Electricity 12N Church,-725.68,7015
2023-04-07,7020 Electricity 8N Church,-767.31,7020
2023-04-07,7025 Electricity Parking Lot,-72.19,7025
2023-04-07,7040 Fuel 10N Church,-491.57,7040
2023-04-07,7045 Fuel 12N Church,-820.03,7045
2023-04-07,7050 Fuel 8N Church,-2044.63,7050
2023-04-07,6322 Minister Discretionary (Carlson),-75.0,6322
2023-04-07,8015 Insurance,-160.38,8015
2023-04-07,5057 Business & Auto Expense APA,-74.67,5057
2023-04-07,9113 Communication technology,-250.0,9113
2023-04-07,9111 Advertising,-75.0,9111
2023-04-07,9060 Telephone & Internet,-216.9,9060
2023-04-07,7110 Supplies/Materials (Maint.),-804.32,7110
2023-04-07,6076 Flowers Expenses,-40.0,6076
2023-04-07,4010 Current Year Pledges,6799.3,4010
2023-04-07,4031 Special Offerings,3405.0,4031
2023-04-07,4012 Non Pledge Contributions,181.0,4012
2023-04-07,4013 Vespers Offering,113.0,4013
2023-04-07,4022 Wednesday Lunch Offering,236.1,4022
2023-04-07,4055 Flower Income,640.0,4055
2023-04-07,4010 Current Year Pledges,500.0,4010
2023-04-07,4054 Rental Income,1150.0,4054
2023-04-10,6610 Coffee Hour,-120.85,6610
2023-04-10,6065 Special Worship,-198.22,6065
2023-04-10,4010 Current Year Pledges,2040.15,4010
2023-04-10,4031 Special Offerings,405.5,4031
2023-04-10,4055 Flower Income,133.58,4055
2023-04-11,5017 Business & Auto Expense Sr. Pastor,-250.0,5017
2023-04-11,6366 Wednesday Lunch Exp,-121.06,6366
2023-04-12,4010 Current Year Pledges,3240.0,4010
2023-04-12,4012 Non Pledge Contributions,228.0,4012
2023-04-12,4013 Vespers Offering,170.0,4013
2023-04-12,4053 Misc Income,6.5,4053
2023-04-12,5013 Wages Sr. Pastor,-2395.83,5013
2023-04-12,5018 Housing Sr. Pastor,-1562.5,5018
2023-04-12,5016 Social Security Offset Sr. Pastor,-302.82,5016
2023-04-12,5053 Wages APA,-2156.36,5053
2023-04-12,5058 Housing Expense APA,-1406.66,5058
2023-04-12,5056 Social Security Offset APA,-218.18,5056
2023-04-12,6373 Wages Lunch Coordinator,-892.16,6373
2023-04-12,5003 Wages Administration,-2847.86,5003
2023-04-12,5043 Wages Music,-1750.08,5043
2023-04-12,9121 Wages Communication Specialist,-1733.33,9121
2023-04-12,5033 Wages Maintenance,-2673.18,5033
2023-04-12,5073 Wages Youth,-1958.33,5073
2023-04-12,6075 Vespers,-100.0,6075
2023-04-12,9007 Audio Visual Contract Services,-1200.0,9007
2023-04-12,8025 NYS Unemployment Insurance,-174.42,8025
2023-04-12,6050 Musicians,-900.0,6050
2023-04-12,5002 FICA Administration,-217.85,5002
2023-04-12,9122 FICA Communication Specialist,-132.6,9122
2023-04-12,5042 FICA Music,-133.88,5042
2023-04-12,5032 FICA Maintenance,-202.33,5032
2023-04-12,5072 FICA Youth,-149.82,5072
2023-04-12,4031 Special Offerings,4577.0,4031
2023-04-12,8022 Finance Charge Online Giving,-24.19,8022
2023-04-12,6366 Wednesday Lunch Exp,-19.79,6366
2023-04-12,9116 Communication Supplies,-36.83,9116
2023-04-12,6369 To Go Containers,-141.8,6369
2023-04-13,7075 Regular Services,-403.9,7075
2023-04-14,8035 Payroll Processing,-134.34,8035
2023-04-18,6368 Kitchen Supplies,-187.9,6368
2023-04-18,9116 Communication Supplies,-183.97,9116
2023-04-18,9020 Equipment,-178.99,9020
2023-04-19,6083 Vesting for Sanctuary,-126.04,6083
2023-04-19,7095 Security,-660.6,7095
2023-04-19,7030 Energy Improvements,-486.0,7030
2023-04-19,7085 Repairs/Maint 12N Church,-414.3,7085
2023-04-19,6076 Flowers Expenses,-424.0,6076
2023-04-19,4022 Wednesday Lunch Offering,390.0,4022
2023-04-19,4031 Special Offerings,1450.0,4031
2023-04-19,4055 Flower Income,30.0,4055
2023-04-19,4010 Current Year Pledges,640.0,4010
2023-04-19,4012 Non Pledge Contributions,480.0,4012
2023-04-20,6404 Minister books & other printed mate,-10.53,6404
2023-04-20,6065 Special Worship,-89.88,6065
2023-04-20,6404 Minister books & other printed mate,-17.0,6404
2023-04-20,9061 Contract Services,-15.99,9061
2023-04-20,9061 Contract Services,-139.0,9061
2023-04-20,9061 Contract Services,-194.4,9061
2023-04-20,9061 Contract Services,-16.19,9061
2023-04-20,9112 Website,-21.6,9112
2023-04-20,9025 Office Supplies,-133.27,9025
2023-04-20,9061 Contract Services,-3.23,9061
2023-04-20,9061 Contract Services,-31.98,9061
2023-04-20,9061 Contract Services,-40.0,9061
2023-04-20,9061 Contract Services,-729.0,9061
2023-04-20,9015 Copier-Cannon/Rent & Maintenance,-474.0,9015
2023-04-20,9015 Copier-Cannon/Rent & Maintenance,-10.0,9015
2023-04-20,9114 Volunteer needs,-35.59,9114
2023-04-20,6366 Wednesday Lunch Exp,-85.76,6366
2023-04-20,7110 Supplies/Materials (Maint.),-106.47,7110
2023-04-20,7105 Supplies/Food (Maint.),-34.0,7105
2023-04-20,7100 Supplies/Cleaning,-18.0,7100
2023-04-20,7110 Supplies/Materials (Maint.),-39.5,7110
2023-04-20,7055 Grounds Upkeep,-500.0,7055
2023-04-20,4010 Current Year Pledges,1621.0,4010
2023-04-20,4031 Special Offerings,175.0,4031
2023-04-20,4012 Non Pledge Contributions,150.0,4012
2023-04-20,4013 Vespers Offering,162.0,4013
2023-04-20,8035 Payroll Processing,-303.0,8035
2023-04-21,5054 Medical  APA,-794.4,5054
2023-04-21,5034 Medical Maintenance,-633.19,5034
2023-04-21,5005 Medical Administration,-727.09,5005
2023-04-21,5005 Medical Administration,-42.44,5005
2023-04-21,5014 Medical Sr. Pastor,-930.23,5014
2023-04-21,5054 Medical  APA,-1860.46,5054
2023-04-21,5054 Medical  APA,-90.41,5054
2023-04-21,6366 Wednesday Lunch Exp,-119.88,6366
2023-04-25,9060 Telephone & Internet,-119.0,9060
2023-04-25,6366 Wednesday Lunch Exp,-104.22,6366
2023-04-25,6366 Wednesday Lunch Exp,-141.22,6366
2023-04-25,4053 Misc Income,7.8,4053
2023-04-25,5013 Wages Sr. Pastor,-2395.83,5013
2023-04-25,5018 Housing Sr. Pastor,-1562.5,5018
2023-04-25,5016 Social Security Offset Sr. Pastor,-302.82,5016
2023-04-25,5053 Wages APA,-2156.36,5053
2023-04-25,5058 Housing Expense APA,-1406.66,5058
2023-04-25,5056 Social Security Offset APA,-218.18,5056
2023-04-25,6373 Wages Lunch Coordinator,-108.0,6373
2023-04-25,5003 Wages Administration,-2813.76,5003
2023-04-25,5043 Wages Music,-2387.08,5043
2023-04-25,9121 Wages Communication Specialist,-1733.33,9121
2023-04-25,5033 Wages Maintenance,-2673.18,5033
2023-04-25,5073 Wages Youth,-1958.33,5073
2023-04-25,8025 NYS Unemployment Insurance,-118.54,8025
2023-04-25,7001 Custodian Fee/Other Serv fee,-250.0,7001
2023-04-25,5002 FICA Administration,-215.25,5002
2023-04-25,9122 FICA Communication Specialist,-132.6,9122
2023-04-25,5042 FICA Music,-182.61,5042
2023-04-25,5032 FICA Maintenance,-202.33,5032
2023-04-25,5072 FICA Youth,-149.82,5072
2023-04-25,4010 Current Year Pledges,140.0,4010
2023-04-25,4031 Special Offerings,50.0,4031
2023-04-25,4012 Non Pledge Contributions,105.0,4012
2023-04-25,8022 Finance Charge Online Giving,-6.29,8022
2023-04-27,9111 Advertising,-150.0,9111
2023-04-27,4022 Wednesday Lunch Offering,353.5,4022
2023-04-27,4010 Current Year Pledges,2709.67,4010
2023-04-27,4031 Special Offerings,100.0,4031
2023-04-27,4012 Non Pledge Contributions,25.0,4012
2023-04-27,4013 Vespers Offering,56.0,4013
2023-04-27,9025 Office Supplies,-14.94,9025
2023-04-28,4053 Misc Income,4.4,4053
2023-04-28,8022 Finance Charge Online Giving,-16.32,8022
2023-04-28,6405 Books (Library),-23.99,6405
2023-04-28,9115 Paper,-79.98,9115
2023-04-28,9030 Other Admin Expense,-56.78,9030
2023-04-30,4010 Current Year Pledges,4684.0,4010
2023-04-30,4013 Vespers Offering,105.0,4013
2023-05-01,6303 Undesignated and Emergency,-2000.0,6303
2023-05-01,6135 Senior High Mission Trip,2000.0,6135
2023-05-02,5017 Business & Auto Expense Sr. Pastor,-358.7,5017
2023-05-02,6120 Family Programming,-24.6,6120
2023-05-02,6120 Family Programming,-25.82,6120
2023-05-02,6150 Supplies/Food Church School,-18.42,6150
2023-05-02,6130 Recognition/Development,-7.56,6130
2023-05-02,6124 Junior and Senior Youth,-108.56,6124
2023-05-02,6124 Junior and Senior Youth,-31.08,6124
2023-05-02,6124 Junior and Senior Youth,-99.0,6124
2023-05-02,6319 Minister Discretionary Sr. Minister,-402.47,6319
2023-05-02,6015 Honorarim (Pulpit Organ),-250.0,6015
2023-05-02,8035 Payroll Processing,-116.09,8035
2023-05-02,9015 Copier-Cannon/Rent & Maintenance,-696.96,9015
2023-05-04,6366 Wednesday Lunch Exp,-133.29,6366
2023-05-04,6035 Music and Rights,-81.42,6035
2023-05-04,6319 Minister Discretionary Sr. Minister,-330.42,6319
2023-05-04,6078 Audio Sound project/Video Streaming,-4033.99,6078
2023-05-04,6078 Audio Sound project/Video Streaming,-4692.0,6078
2023-05-04,8010 Classis Assessments,-9099.84,8010
2023-05-04,6076 Flowers Expenses,-80.0,6076
2023-05-04,4022 Wednesday Lunch Offering,163.25,4022
2023-05-04,8110 Archives & Restoration,-200.0,8110
2023-05-04,4054 Rental Income,1150.0,4054
2023-05-05,6322 Minister Discretionary (Carlson),-170.0,6322
2023-05-05,7035 Equipment (Maint.),-98.51,7035
2023-05-05,7100 Supplies/Cleaning,-41.79,7100
2023-05-09,6410 Devotional Literature,-19.08,6410
2023-05-09,6366 Wednesday Lunch Exp,-157.7,6366
2023-05-09,9111 Advertising,-250.0,9111
2023-05-09,4010 Current Year Pledges,2240.15,4010
2023-05-09,4017 Special Offering,152.75,4017
2023-05-09,4013 Vespers Offering,25.69,4013
2023-05-10,4053 Misc Income,6.5,4053
2023-05-10,5013 Wages Sr. Pastor,-2395.83,5013
2023-05-10,5018 Housing Sr. Pastor,-1562.5,5018
2023-05-10,5016 Social Security Offset Sr. Pastor,-302.82,5016
2023-05-10,5053 Wages APA,-2156.36,5053
2023-05-10,5058 Housing Expense APA,-1406.66,5058
2023-05-10,5056 Social Security Offset APA,-218.18,5056
2023-05-10,6373 Wages Lunch Coordinator,-216.0,6373
2023-05-10,5003 Wages Administration,-2814.45,5003
2023-05-10,5043 Wages Music,-1750.08,5043
2023-05-10,9121 Wages Communication Specialist,-1733.33,9121
2023-05-10,5033 Wages Maintenance,-2673.18,5033
2023-05-10,5073 Wages Youth,-1958.33,5073
2023-05-10,6075 Vespers,-100.0,6075
2023-05-10,9007 Audio Visual Contract Services,-1950.0,9007
2023-05-10,8025 NYS Unemployment Insurance,-88.71,8025
2023-05-10,5002 FICA Administration,-215.3,5002
2023-05-10,9122 FICA Communication Specialist,-132.6,9122
2023-05-10,5042 FICA Music,-133.88,5042
2023-05-10,5032 FICA Maintenance,-202.33,5032
2023-05-10,5072 FICA Youth,-149.82,5072
2023-05-11,7010 Electricity 10N Church,-39.75,7010
2023-05-11,7015 Electricity 12N Church,-487.67,7015
2023-05-11,7020 Electricity 8N Church,-561.93,7020
2023-05-11,7025 Electricity Parking Lot,-70.3,7025
2023-05-11,7040 Fuel 10N Church,-224.75,7040
2023-05-11,7045 Fuel 12N Church,-353.41,7045
2023-05-11,7050 Fuel 8N Church,-1032.35,7050
2023-05-11,4022 Wednesday Lunch Offering,113.0,4022
2023-05-11,4010 Current Year Pledges,3791.0,4010
2023-05-11,4012 Non Pledge Contributions,42.0,4012
2023-05-11,4013 Vespers Offering,96.0,4013
2023-05-12,6807 Supplies,-75.52,6807
2023-05-12,5033 Wages Maintenance,-155.1,5033
2023-05-12,6165 VBS Vacation Bible School,-249.99,6165
2023-05-12,6404 Minister books & other printed mate,-32.18,6404
2023-05-12,6404 Minister books & other printed mate,-10.53,6404
2023-05-12,6404 Minister books & other printed mate,-17.0,6404
2023-05-12,5057 Business & Auto Expense APA,-3.23,5057
2023-05-12,5057 Business & Auto Expense APA,-59.68,5057
2023-05-12,6404 Minister books & other printed mate,-25.0,6404
2023-05-12,5057 Business & Auto Expense APA,-200.0,5057
2023-05-12,9061 Contract Services,-15.99,9061
2023-05-12,6460 Supplies (Library),-60.49,6460
2023-05-12,9061 Contract Services,-16.19,9061
2023-05-12,9112 Website,-21.6,9112
2023-05-12,6030 Misc Worship Expense,-86.65,6030
2023-05-12,9061 Contract Services,-3.23,9061
2023-05-12,9061 Contract Services,-31.98,9061
2023-05-12,6806 Composting,-26.0,6806
2023-05-12,9061 Contract Services,-40.0,9061
2023-05-12,6806 Composting,13.0,6806
2023-05-12,5015 Retirement Sr. Pastor,-1108.34,5015
2023-05-12,5019 Disability Life,-118.76,5019
2023-05-12,9114 Volunteer needs,-35.59,9114
2023-05-12,9015 Copier-Cannon/Rent & Maintenance,-10.0,9015
2023-05-12,7035 Equipment (Maint.),-219.0,7035
2023-05-12,7035 Equipment (Maint.),-20.98,7035
2023-05-12,7110 Supplies/Materials (Maint.),-16.98,7110
2023-05-12,7120 Operation/Maintenance,-54.99,7120
2023-05-15,4014 Easter offering,10262.5,4014
2023-05-15,4031 Special Offerings,-10262.5,4031
2023-05-16,9040 Postage,-6.66,9040
2023-05-16,4015 Christmas Offering,426.38,4015
2023-05-16,4015 Christmas Offering,-426.38,4015
2023-05-16,5055 Retirement APA,-845.52,5055
2023-05-16,5035 Retirement Maintenance,-211.58,5035
2023-05-16,5004 Retirement Administration,-173.33,5004
2023-05-16,5004 Retirement Administration,-138.67,5004
2023-05-16,5075 Retirement Youth Education,-156.66,5075
2023-05-18,8022 Finance Charge Online Giving,-41.8,8022
2023-05-18,6325 Special Offering,-10262.5,6325
2023-05-18,6315 National Oversseas,-10262.5,6315
2023-05-19,6366 Wednesday Lunch Exp,-145.64,6366
2023-05-19,4010 Current Year Pledges,2349.0,4010
2023-05-19,4012 Non Pledge Contributions,30.0,4012
2023-05-19,4013 Vespers Offering,150.0,4013
2023-05-19,4022 Wednesday Lunch Offering,164.0,4022
2023-05-19,5033 Wages Maintenance,-217.02,5033
2023-05-19,7075 Regular Services,-374.9,7075
2023-05-23,4043 Schermerhorn Income,163591.0,4043
2023-05-23,4053 Misc Income,3.78,4053
2023-05-24,6120 Family Programming,-193.61,6120
2023-05-24,6366 Wednesday Lunch Exp,-155.96,6366
2023-05-24,6120 Family Programming,-62.58,6120
2023-05-24,6124 Junior and Senior Youth,-14.62,6124
2023-05-24,6120 Family Programming,-4.05,6120
2023-05-24,6150 Supplies/Food Church School,-43.62,6150
2023-05-24,6130 Recognition/Development,-82.72,6130
2023-05-24,6124 Junior and Senior Youth,-38.61,6124
2023-05-24,6145 Special Youth Service,-160.97,6145
2023-05-24,4010 Current Year Pledges,2775.67,4010
2023-05-24,4012 Non Pledge Contributions,355.0,4012
2023-05-24,4013 Vespers Offering,121.0,4013
2023-05-26,4022 Wednesday Lunch Offering,218.0,4022
2023-05-26,6520 Supplies/Materials (Support & Care),-20.36,6520
2023-05-30,4053 Misc Income,7.8,4053
2023-05-30,5013 Wages Sr. Pastor,-2395.83,5013
2023-05-30,5018 Housing Sr. Pastor,-1562.5,5018
2023-05-30,5016 Social Security Offset Sr. Pastor,-302.82,5016
2023-05-30,5053 Wages APA,-2156.36,5053
2023-05-30,5058 Housing Expense APA,-1406.66,5058
2023-05-30,5056 Social Security Offset APA,-218.18,5056
2023-05-30,6373 Wages Lunch Coordinator,-216.0,6373
2023-05-30,5003 Wages Administration,-2847.86,5003
2023-05-30,5043 Wages Music,-2354.58,5043
2023-05-30,9121 Wages Communication Specialist,-1733.33,9121
2023-05-30,5033 Wages Maintenance,-2905.68,5033
2023-05-30,5073 Wages Youth,-1958.33,5073
2023-05-30,6075 Vespers,-600.0,6075
2023-05-30,9007 Audio Visual Contract Services,-1000.0,9007
2023-05-30,8025 NYS Unemployment Insurance,-112.31,8025
2023-05-30,6050 Musicians,-100.0,6050
2023-05-30,5002 FICA Administration,-217.85,5002
2023-05-30,9122 FICA Communication Specialist,-132.6,9122
2023-05-30,5042 FICA Music,-180.13,5042
2023-05-30,5032 FICA Maintenance,-202.33,5032
2023-05-30,5072 FICA Youth,-149.82,5072
2023-05-31,4053 Misc Income,4.57,4053
2023-05-31,9015 Copier-Cannon/Rent & Maintenance,-10.0,9015
